iso_code,location,new_cases_per_million
AFG,Afghanistan,1.506
OWID_AFR,Africa,32.263
ALB,Albania,104.771
DZA,Algeria,4.752
AND,Andorra,5339.09
AGO,Angola,2.446
AIA,Anguilla,0
ATG,Antigua and Barbuda,10.129
ARG,Argentina,116.235
ARM,Armenia,60.644
ABW,Aruba,401.138
OWID_ASI,Asia,20.383
AUS,Australia,147.432
AUT,Austria,336.832
AZE,Azerbaijan,96.25
BHS,Bahamas,52.908
BHR,Bahrain,31.459
BGD,Bangladesh,1.545
BRB,Barbados,152.933
BLR,Belarus,169.016
BEL,Belgium,0
BLZ,Belize,74.09
BEN,Benin,0
BMU,Bermuda,499.259
BTN,Bhutan,0
BOL,Bolivia,152.118
BES,Bonaire Sint Eustatius and Saba,491.586
BIH,Bosnia and Herzegovina,206.836
BWA,Botswana,926.065
BRA,Brazil,17.108
VGB,British Virgin Islands,1446.274
BRN,Brunei,9.059
BGR,Bulgaria,209.232
BFA,Burkina Faso,0
BDI,Burundi,22.765
KHM,Cambodia,0.413
CMR,Cameroon,0
CAN,Canada,208.154
CPV,Cape Verde,24.915
CYM,Cayman Islands,436.103
CAF,Central African Republic,0
TCD,Chad,0
CHL,Chile,77.658
CHN,China,0.053
COL,Colombia,33.551
COM,Comoros,14.632
COG,Congo,19.975
COK,Cook Islands,0
CRI,Costa Rica,10.702
CIV,Cote d'Ivoire,2.033
HRV,Croatia,922.419
CUB,Cuba,6.362
CUW,Curacao,218.452
CYP,Cyprus,705.353
CZE,Czechia,1086.479
COD,Democratic Republic of Congo,15.761
DNK,Denmark,1720.021
DJI,Djibouti,0
DMA,Dominica,0
DOM,Dominican Republic,8.034
ECU,Ecuador,36.728
EGY,Egypt,8.642
SLV,El Salvador,17.949
GNQ,Equatorial Guinea,0
ERI,Eritrea,7.497
EST,Estonia,486.723
SWZ,Eswatini,1400.583
ETH,Ethiopia,4.598
OWID_EUR,Europe,563.941
OWID_EUN,European Union,615.401
FRO,Faeroe Islands,0
FLK,Falkland Islands,0
FJI,Fiji,0
FIN,Finland,378.31
FRA,France,902.762
PYF,French Polynesia,24.776
GAB,Gabon,0
GMB,Gambia,0
GEO,Georgia,784.718
DEU,Germany,612.631
GHA,Ghana,2.237
GIB,Gibraltar,1602.802
GRC,Greece,452.812
GRL,Greenland,351.692
GRD,Grenada,0
GTM,Guatemala,18.028
GGY,Guernsey,
GIN,Guinea,0
GNB,Guinea-Bissau,1.488
GUY,Guyana,55.673
HTI,Haiti,2.426
OWID_HIC,High income,446.933
HND,Honduras,0
HKG,Hong Kong,1.324
HUN,Hungary,549.918
ISL,Iceland,496.215
IND,India,5.344
IDN,Indonesia,0.771
OWID_INT,International,
IRN,Iran,29.402
IRQ,Iraq,9.956
IRL,Ireland,831.041
IMN,Isle of Man,971.783
ISR,Israel,94.5
ITA,Italy,432.418
JAM,Jamaica,19.842
JPN,Japan,1.293
JEY,Jersey,
JOR,Jordan,371.214
KAZ,Kazakhstan,28.744
KEN,Kenya,17.15
KIR,Kiribati,0
OWID_KOS,Kosovo,4.489
KWT,Kuwait,10.165
KGZ,Kyrgyzstan,5.884
LAO,Laos,202.321
LVA,Latvia,500.285
LBN,Lebanon,282.458
LSO,Lesotho,196.844
LBR,Liberia,0
LBY,Libya,93.123
LIE,Liechtenstein,1071.783
LTU,Lithuania,727.547
OWID_LIC,Low income,6.887
OWID_LMC,Lower middle income,21.583
LUX,Luxembourg,845.917
MAC,Macao,0
MDG,Madagascar,0
MWI,Malawi,24.176
MYS,Malaysia,130.033
MDV,Maldives,178.433
MLI,Mali,3.98
MLT,Malta,323.581
MHL,Marshall Islands,0
MRT,Mauritania,8.377
MUS,Mauritius,28.27
MEX,Mexico,20.167
FSM,Micronesia (country),0
MDA,Moldova,114.065
MCO,Monaco,0
MNG,Mongolia,259.515
MNE,Montenegro,297.747
MSR,Montserrat,0
MAR,Morocco,5.489
MOZ,Mozambique,38.367
MMR,Myanmar,3.85
NAM,Namibia,274.413
NRU,Nauru,
NPL,Nepal,5.392
NLD,Netherlands,894.946
NCL,New Caledonia,111.027
NZL,New Zealand,15.411
NIC,Nicaragua,0
NER,Niger,0.358
NGA,Nigeria,4.972
OWID_NAM,North America,258.805
MKD,North Macedonia,143.086
NOR,Norway,826.986
OWID_OCE,Oceania,90.699
OMN,Oman,4.212
PAK,Pakistan,1.23
PLW,Palau,0
PSE,Palestine,0
PAN,Panama,88.096
PNG,Papua New Guinea,0
PRY,Paraguay,0
PER,Peru,49.761
PHL,Philippines,0.91
POL,Poland,584.597
PRT,Portugal,505.216
QAT,Qatar,57.669
ROU,Romania,42.451
RUS,Russia,192.979
RWA,Rwanda,10.696
SHN,Saint Helena,0
KNA,Saint Kitts and Nevis,18.676
LCA,Saint Lucia,65.076
SPM,Saint Pierre and Miquelon,0
VCT,Saint Vincent and the Grenadines,0
WSM,Samoa,0
SMR,San Marino,3175.537
STP,Sao Tome and Principe,8.954
SAU,Saudi Arabia,2.405
SEN,Senegal,0.582
SRB,Serbia,192.824
SYC,Seychelles,879.588
SLE,Sierra Leone,0
SGP,Singapore,65.095
SXM,Sint Maarten (Dutch part),
SVK,Slovakia,1491.759
SVN,Slovenia,651.843
SLB,Solomon Islands,0
SOM,Somalia,0
ZAF,South Africa,412.794
OWID_SAM,South America,39.412
KOR,South Korea,144.898
SSD,South Sudan,7.029
ESP,Spain,618.245
LKA,Sri Lanka,35.26
SDN,Sudan,0
SUR,Suriname,0
SWE,Sweden,395.86
CHE,Switzerland,1270.955
SYR,Syria,3.94
TWN,Taiwan,0.503
TJK,Tajikistan,0
TZA,Tanzania,0
THA,Thailand,52.666
TLS,Timor,0
TGO,Togo,2.831
TON,Tonga,0
TTO,Trinidad and Tobago,404.026
TUN,Tunisia,31.418
TUR,Turkey,212.834
TCA,Turks and Caicos Islands,0
UGA,Uganda,1.91
UKR,Ukraine,228.174
ARE,United Arab Emirates,20.018
GBR,United Kingdom,1286.757
USA,United States,425.998
OWID_UMC,Upper middle income,46.947
URY,Uruguay,82.923
UZB,Uzbekistan,6.453
VUT,Vanuatu,0
VAT,Vatican,0
VEN,Venezuela,17.105
VNM,Vietnam,346.974
WLF,Wallis and Futuna,0
OWID_WRL,World,93.649
YEM,Yemen,0.164
ZMB,Zambia,45.506
ZWE,Zimbabwe,289.355
